target,run_seed,generation,best_fitness,mean_fitness,best_length,mean_length
nguyen1,0,0,0.639308,0.230715,8,8
nguyen1,0,1,0.639308,0.433882,8,8.043
nguyen1,0,2,0.639308,0.576023,8,7.996
nguyen1,0,3,0.724951,0.590129,9,8.03
nguyen1,0,4,0.724951,0.577518,9,7.979
nguyen1,0,5,0.724951,0.559125,9,8.047
nguyen1,0,6,0.724951,0.560115,8,8.062
nguyen1,0,7,0.724951,0.553957,7,8.141
nguyen1,0,8,0.782787,0.569058,8,8.307
nguyen1,0,9,0.782787,0.593285,8,8.492
nguyen1,0,10,0.782787,0.647913,8,8.546
nguyen1,0,11,0.782787,0.671345,9,8.558
nguyen1,0,12,0.782787,0.676534,8,8.597
nguyen1,0,13,0.782787,0.671555,8,8.704
nguyen1,0,14,0.782787,0.669413,8,8.667
nguyen1,0,15,0.799039,0.665802,8,8.755
nguyen1,0,16,0.826426,0.657536,9,8.747
nguyen1,0,17,0.826426,0.650163,9,8.771
nguyen1,0,18,0.826426,0.627815,9,8.773
nguyen1,0,19,0.826426,0.603696,9,8.761
nguyen1,0,20,0.826426,0.594836,9,8.795
nguyen1,0,21,0.826426,0.596254,9,8.973
nguyen1,0,22,0.826426,0.612933,9,9.133
nguyen1,0,23,0.826426,0.637767,9,9.301
nguyen1,0,24,0.826426,0.66277,9,9.388
nguyen1,0,25,0.826426,0.662593,10,9.442
nguyen1,0,26,0.833745,0.666041,15,9.593
nguyen1,0,27,0.833745,0.656624,15,9.697
nguyen1,0,28,0.833745,0.66022,15,9.754
nguyen1,0,29,0.833745,0.638822,15,10.021
nguyen1,0,30,0.833745,0.607089,15,10.396
nguyen1,0,31,0.897834,0.579325,10,11.136
nguyen1,0,32,0.900018,0.586349,17,12.136
nguyen1,0,33,0.900018,0.594121,17,13.338
nguyen1,0,34,0.900018,0.640502,17,14.358
nguyen1,0,35,0.900018,0.703209,17,15.405
nguyen1,0,36,0.903869,0.721538,17,15.777
nguyen1,0,37,0.903869,0.731571,16,15.772
nguyen1,0,38,0.903869,0.688604,16,15.555
nguyen1,0,39,0.903869,0.701983,16,15.17
nguyen1,0,40,0.913879,0.680352,15,15.41
nguyen1,0,41,0.913879,0.744474,15,16.123
nguyen1,0,42,0.913879,0.785555,18,16.462
nguyen1,0,43,0.913879,0.804854,16,16.671
nguyen1,0,44,0.913879,0.807247,16,16.915
nguyen1,0,45,0.913879,0.792798,16,17.04
nguyen1,0,46,0.913879,0.810638,17,17.161
nguyen1,0,47,0.913879,0.793549,21,17.41
nguyen1,0,48,0.913879,0.802845,19,17.402
nguyen1,0,49,0.913879,0.798998,16,17.372
nguyen1,0,50,0.913879,0.79573,15,17.508
nguyen1,0,51,0.913879,0.783639,17,17.638
nguyen1,0,52,0.913879,0.798359,17,17.586
nguyen1,0,53,0.913879,0.791728,19,17.635
nguyen1,0,54,0.913879,0.786922,17,17.608
nguyen1,0,55,0.913879,0.793769,16,17.601
nguyen1,0,56,0.913879,0.788571,16,17.743
nguyen1,0,57,0.913879,0.791734,17,17.717
nguyen1,0,58,0.913879,0.775404,16,17.702
nguyen1,0,59,0.913879,0.777521,15,17.708
nguyen1,0,60,0.913879,0.782375,18,17.648
nguyen1,0,61,0.913879,0.796262,16,17.703
nguyen1,0,62,0.913879,0.788351,17,17.761
nguyen1,0,63,0.913879,0.818178,19,17.801
nguyen1,0,64,0.913879,0.784669,16,17.808
nguyen1,0,65,0.913879,0.79336,15,17.975
nguyen1,0,66,0.913879,0.78508,18,17.971
nguyen1,0,67,0.913879,0.790237,17,17.851
nguyen1,0,68,0.913879,0.797107,19,17.819
nguyen1,0,69,0.913879,0.798866,15,17.78
nguyen1,0,70,0.913879,0.794899,16,17.717
nguyen1,0,71,0.913879,0.796434,15,17.743
nguyen1,0,72,0.913879,0.800512,16,17.753
nguyen1,0,73,0.913879,0.791174,17,17.749
nguyen1,0,74,0.913879,0.788552,18,17.727
nguyen1,0,75,0.913879,0.783866,15,17.785
nguyen1,0,76,0.913879,0.778952,17,17.729
nguyen1,0,77,0.913879,0.797517,17,17.806
nguyen1,0,78,0.913879,0.784607,19,18.01
nguyen1,0,79,0.913879,0.792452,17,18.168
nguyen1,0,80,0.913879,0.806402,18,18.174
nguyen1,0,81,0.913879,0.777976,18,17.977
nguyen1,0,82,0.913879,0.788493,19,18.106
nguyen1,0,83,0.913879,0.79866,17,18.25
nguyen1,0,84,0.913879,0.781557,16,18.172
nguyen1,0,85,0.913879,0.791142,19,18.114
nguyen1,0,86,0.913879,0.819027,16,18.163
nguyen1,0,87,0.913879,0.792824,19,18.162
nguyen1,0,88,0.913879,0.778467,18,18.014
nguyen1,0,89,0.913879,0.780048,16,18
nguyen1,0,90,0.913879,0.785123,16,17.887
nguyen1,0,91,0.913879,0.779868,20,17.907
nguyen1,0,92,0.913879,0.811355,19,17.857
nguyen1,0,93,0.913879,0.813444,16,17.891
nguyen1,0,94,0.913879,0.767179,16,17.956
nguyen1,0,95,0.913879,0.790077,19,17.904
nguyen1,0,96,0.913879,0.773,16,17.867
nguyen1,0,97,0.913879,0.796986,16,17.837
nguyen1,0,98,0.913879,0.796337,19,17.817
nguyen1,0,99,0.913879,0.781435,18,17.81
nguyen1,0,100,0.93089,0.794929,17,17.81
nguyen1,0,101,0.93089,0.789724,17,17.833
nguyen1,0,102,0.93089,0.774243,17,17.769
nguyen1,0,103,0.93089,0.795802,17,17.796
nguyen1,0,104,0.93089,0.789315,17,17.819
nguyen1,0,105,0.93089,0.789767,17,17.849
nguyen1,0,106,0.93089,0.796161,17,17.84
nguyen1,0,107,0.93089,0.774531,17,17.892
nguyen1,0,108,0.93089,0.786538,17,17.884
nguyen1,0,109,0.93089,0.787043,18,17.798
nguyen1,0,110,0.93089,0.764028,17,17.752
nguyen1,0,111,0.93089,0.777646,17,17.819
nguyen1,0,112,0.94306,0.738097,18,17.922
nguyen1,0,113,0.94306,0.734162,18,17.822
nguyen1,0,114,0.94306,0.754675,18,17.936
nguyen1,0,115,0.94306,0.74156,17,18.029
nguyen1,0,116,0.94306,0.748795,17,18.111
nguyen1,0,117,0.94306,0.757905,17,18.121
nguyen1,0,118,0.94306,0.724679,18,18.219
nguyen1,0,119,0.94306,0.689934,17,18.284
nguyen1,0,120,0.94306,0.674608,18,18.288
nguyen1,0,121,0.963116,0.6585,18,18.283
nguyen1,0,122,0.963116,0.659305,18,18.327
nguyen1,0,123,0.963116,0.682874,18,18.273
nguyen1,0,124,0.963116,0.711151,17,18.278
nguyen1,0,125,0.963116,0.718006,19,18.397
nguyen1,0,126,0.963116,0.72474,18,18.453
nguyen1,0,127,0.963116,0.741788,19,18.502
nguyen1,0,128,0.967561,0.713176,21,18.574
nguyen1,0,129,0.971087,0.74935,20,18.795
nguyen1,0,130,0.971087,0.782089,20,18.93
nguyen1,0,131,0.971087,0.72678,20,18.934
nguyen1,0,132,0.971087,0.740583,20,19.006
nguyen1,0,133,0.971087,0.743643,20,19.161
nguyen1,0,134,0.971087,0.750157,18,19.349
nguyen1,0,135,0.971087,0.715288,20,19.53
nguyen1,0,136,0.971087,0.71196,20,19.845
nguyen1,0,137,0.988509,0.685594,21,19.956
nguyen1,0,138,0.988509,0.680926,21,19.999
nguyen1,0,139,0.988509,0.678511,21,19.838
nguyen1,0,140,0.988509,0.674733,21,19.783
nguyen1,0,141,0.988509,0.684494,21,19.773
nguyen1,0,142,0.988509,0.720794,22,19.851
nguyen1,0,143,0.988509,0.710564,21,19.82
nguyen1,0,144,0.988509,0.736113,22,19.903
nguyen1,0,145,0.988509,0.717257,22,20.166
nguyen1,0,146,0.988509,0.721903,21,20.435
nguyen1,0,147,0.988509,0.740918,21,20.77
nguyen1,0,148,0.991008,0.755173,19,21.075
nguyen1,0,149,0.991008,0.769455,19,21.175
nguyen1,0,150,0.991008,0.791945,23,21.285
nguyen1,0,151,0.991008,0.791629,23,21.374
nguyen1,0,152,0.991008,0.790451,20,21.512
nguyen1,0,153,0.991008,0.793869,23,21.69
nguyen1,0,154,0.991008,0.785891,22,21.76
nguyen1,0,155,0.991008,0.77802,23,21.703
nguyen1,0,156,0.991008,0.779872,19,21.891
nguyen1,0,157,0.991008,0.796012,24,22.126
nguyen1,0,158,0.991008,0.783516,23,22.125
nguyen1,0,159,0.991008,0.775946,23,22.204
nguyen1,0,160,0.991008,0.796376,23,22.214
nguyen1,0,161,0.991008,0.777321,19,22.269
nguyen1,0,162,0.991008,0.776093,22,22.276
nguyen1,0,163,0.991008,0.779435,23,22.125
nguyen1,0,164,0.991008,0.769639,24,22.325
nguyen1,0,165,0.991008,0.773351,23,22.364
nguyen1,0,166,0.991008,0.796373,24,22.411
nguyen1,0,167,0.991008,0.784216,24,22.492
nguyen1,0,168,0.991008,0.794984,24,22.395
nguyen1,0,169,0.991008,0.800811,19,22.273
nguyen1,0,170,0.991008,0.789638,23,22.286
nguyen1,0,171,0.991008,0.768199,23,22.3
nguyen1,0,172,0.991008,0.771659,18,22.279
nguyen1,0,173,0.991008,0.801511,23,22.319
nguyen1,0,174,0.991008,0.776077,22,22.268
nguyen1,0,175,0.991008,0.784531,23,22.517
nguyen1,0,176,0.991008,0.798584,19,22.501
nguyen1,0,177,0.991008,0.796458,18,22.66
nguyen1,0,178,0.991008,0.801837,23,22.74
nguyen1,0,179,0.991008,0.80759,19,22.65
nguyen1,0,180,0.991008,0.786836,19,22.523
nguyen1,0,181,0.991008,0.787053,25,22.613
nguyen1,0,182,0.991008,0.806237,24,22.619
nguyen1,0,183,0.991008,0.805853,23,22.768
nguyen1,0,184,0.991008,0.794968,24,22.632
nguyen1,0,185,0.991008,0.801378,24,22.683
nguyen1,0,186,0.991008,0.792402,24,22.622
nguyen1,0,187,0.991008,0.788258,22,22.604
nguyen1,0,188,0.991008,0.798927,21,22.523
nguyen1,0,189,0.991008,0.778147,19,22.486
nguyen1,0,190,0.991008,0.786667,20,22.385
nguyen1,0,191,0.991008,0.775877,20,22.408
nguyen1,0,192,0.991008,0.798984,23,22.35
nguyen1,0,193,0.991008,0.782432,23,22.422
nguyen1,0,194,0.991008,0.791206,23,22.379
nguyen1,0,195,0.991008,0.782256,20,22.374
nguyen1,0,196,0.991008,0.809954,19,22.376
nguyen1,0,197,0.991008,0.772389,18,22.337
nguyen1,0,198,0.991008,0.811482,24,22.425
nguyen1,0,199,0.991008,0.79148,23,22.452
nguyen1,0,200,0.991008,0.809269,20,22.502
nguyen1,0,201,0.991008,0.790445,19,22.518
nguyen1,0,202,0.991008,0.786063,23,22.439
nguyen1,0,203,0.991008,0.786948,23,22.482
nguyen1,0,204,0.991008,0.779569,22,22.489
nguyen1,0,205,0.991008,0.786014,18,22.542
nguyen1,0,206,0.991008,0.781147,22,22.502
nguyen1,0,207,0.991008,0.803471,18,22.565
nguyen1,0,208,0.991008,0.787042,22,22.468
nguyen1,0,209,0.991008,0.800924,20,22.484
nguyen1,0,210,0.991008,0.792269,23,22.447
nguyen1,0,211,0.991008,0.802906,24,22.586
nguyen1,0,212,0.991008,0.804418,23,22.569
nguyen1,0,213,0.991008,0.798523,19,22.571
nguyen1,0,214,0.991008,0.807431,19,22.748
nguyen1,0,215,0.991008,0.801863,23,22.722
nguyen1,0,216,0.991008,0.815387,23,22.706
nguyen1,0,217,0.991008,0.796455,19,22.679
nguyen1,0,218,0.991008,0.786059,24,22.684
nguyen1,0,219,0.991008,0.791331,23,22.53
nguyen1,0,220,0.991008,0.801474,20,22.371
nguyen1,0,221,0.991008,0.807083,20,22.349
nguyen1,0,222,0.991008,0.792839,24,22.297
nguyen1,0,223,0.991008,0.784811,22,22.28
nguyen1,0,224,0.991008,0.78024,24,22.448
nguyen1,0,225,0.991008,0.780506,20,22.577
nguyen1,0,226,0.991008,0.788612,22,22.463
nguyen1,0,227,0.991008,0.785539,24,22.471
nguyen1,0,228,0.991008,0.79012,23,22.552
nguyen1,0,229,0.991008,0.80561,23,22.384
nguyen1,0,230,0.991008,0.771721,21,22.383
nguyen1,0,231,0.991008,0.789936,22,22.389
nguyen1,0,232,0.991008,0.779078,23,22.439
nguyen1,0,233,0.991008,0.822585,22,22.508
nguyen1,0,234,0.991008,0.816703,23,22.47
nguyen1,0,235,0.992281,0.795336,21,22.415
nguyen1,0,236,0.992281,0.782723,21,22.432
nguyen1,0,237,0.992281,0.799571,21,22.393
nguyen1,0,238,0.992281,0.784757,25,22.45
nguyen1,0,239,0.992281,0.788102,25,22.436
nguyen1,0,240,0.992281,0.785368,21,22.347
nguyen1,0,241,0.993635,0.771299,25,22.547
nguyen1,0,242,0.993635,0.761466,25,22.634
nguyen1,0,243,0.994619,0.787549,23,22.725
nguyen1,0,244,0.994677,0.805917,24,22.856
nguyen1,0,245,0.997004,0.802372,23,22.991
nguyen1,0,246,0.997004,0.768384,23,23.195
nguyen1,0,247,0.997639,0.772627,24,23.379
nguyen1,0,248,0.998594,0.772542,21,23.447
nguyen1,0,249,0.998594,0.759392,21,23.598
nguyen1,0,250,0.998594,0.738025,21,23.7
nguyen1,0,251,0.998594,0.748344,21,23.973
nguyen1,0,252,0.998594,0.75209,29,24.114
nguyen1,0,253,0.998594,0.764748,29,24.448
nguyen1,0,254,0.998594,0.780208,30,24.552
nguyen1,0,255,0.998594,0.800786,29,24.76
nguyen1,0,256,0.998594,0.812893,25,24.839
nguyen1,0,257,0.998594,0.810467,29,24.856
nguyen1,0,258,0.998594,0.789388,29,24.779
nguyen1,0,259,0.998594,0.810685,29,24.785
nguyen1,0,260,0.998594,0.805427,28,24.928
nguyen1,0,261,0.998594,0.779243,33,25.181
nguyen1,0,262,0.998594,0.807585,30,25.443
nguyen1,0,263,0.998594,0.790704,29,25.768
nguyen1,0,264,0.998594,0.814613,19,25.89
nguyen1,0,265,0.998594,0.81826,28,25.945
nguyen1,0,266,0.998594,0.800677,24,26.052
nguyen1,0,267,0.998594,0.808432,22,26.201
nguyen1,0,268,0.998594,0.803011,25,26.324
nguyen1,0,269,0.998594,0.821797,29,26.633
nguyen1,0,270,0.998594,0.832427,29,26.92
nguyen1,0,271,0.998594,0.823188,29,26.933
nguyen1,0,272,0.998594,0.837455,26,26.921
nguyen1,0,273,0.998594,0.820817,20,27.085
nguyen1,0,274,0.998594,0.817463,28,27.046
nguyen1,0,275,0.998594,0.807579,30,27.384
nguyen1,0,276,0.998594,0.818874,28,27.177
nguyen1,0,277,0.998594,0.818739,23,27.171
nguyen1,0,278,0.998594,0.820047,27,27.048
nguyen1,0,279,0.998594,0.81765,26,27.013
nguyen1,0,280,0.998594,0.82818,25,27.185
nguyen1,0,281,0.998594,0.817154,25,27.149
nguyen1,0,282,0.998594,0.826952,25,26.948
nguyen1,0,283,0.998594,0.814883,28,27.049
nguyen1,0,284,0.998594,0.830677,22,27.097
nguyen1,0,285,0.998594,0.831282,21,27.149
nguyen1,0,286,0.998594,0.825434,24,27.271
nguyen1,0,287,0.998594,0.818429,24,27.342
nguyen1,0,288,0.998594,0.819984,23,27.409
nguyen1,0,289,0.998594,0.813952,26,27.343
nguyen1,0,290,0.998594,0.811429,28,27.215
nguyen1,0,291,0.998594,0.82285,32,27.03
nguyen1,0,292,0.998594,0.822315,31,27.153
nguyen1,0,293,0.998594,0.840989,30,27.12
nguyen1,0,294,0.998594,0.829644,30,27.235
nguyen1,0,295,0.998594,0.827073,31,27.271
nguyen1,0,296,0.998594,0.817811,26,27.327
nguyen1,0,297,0.998594,0.82273,26,27.278
nguyen1,0,298,0.998594,0.819835,29,27.27
nguyen1,0,299,0.998594,0.809501,22,27.349
nguyen1,0,300,0.998594,0.807449,28,27.288
nguyen1,0,301,0.998594,0.830708,25,27.26
nguyen1,0,302,0.998594,0.81888,33,27.085
nguyen1,0,303,0.998594,0.83711,29,26.993
nguyen1,0,304,0.998594,0.816623,19,26.925
nguyen1,0,305,0.998594,0.808458,22,27.07
nguyen1,0,306,0.998594,0.83996,29,27.098
nguyen1,0,307,0.998594,0.818004,30,27.184
nguyen1,0,308,0.998594,0.817175,25,27.099
nguyen1,0,309,0.998594,0.817876,29,27.158
nguyen1,0,310,0.998594,0.827187,27,27.13
nguyen1,0,311,0.998594,0.817255,22,27.183
nguyen1,0,312,0.998594,0.82425,21,27.364
nguyen1,0,313,0.998594,0.837596,22,27.397
nguyen1,0,314,0.998594,0.844022,32,27.422
nguyen1,0,315,0.998594,0.828907,29,27.365
nguyen1,0,316,0.998594,0.837799,25,27.363
nguyen1,0,317,0.998594,0.818574,31,27.558
nguyen1,0,318,0.998594,0.823423,26,27.611
nguyen1,0,319,0.998594,0.810276,23,27.334
nguyen1,0,320,0.998594,0.835731,33,27.1
nguyen1,0,321,0.998594,0.839703,25,27.141
nguyen1,0,322,0.998594,0.821671,27,27.183
nguyen1,0,323,0.998594,0.799162,22,27.012
nguyen1,0,324,0.998594,0.819064,30,27.103
nguyen1,0,325,0.998594,0.816641,28,27.237
nguyen1,0,326,0.998594,0.834953,23,27.074
nguyen1,0,327,0.998594,0.817164,21,27.122
nguyen1,0,328,0.998594,0.810768,25,27.042
nguyen1,0,329,0.998594,0.817042,24,27.012
nguyen1,0,330,0.998682,0.827494,35,26.965
nguyen1,0,331,0.998682,0.823644,35,26.792
nguyen1,0,332,0.998682,0.812398,35,27.092
nguyen1,0,333,0.998682,0.820805,35,27.271
nguyen1,0,334,0.998747,0.811766,35,27.41
nguyen1,0,335,0.998747,0.835539,35,27.86
nguyen1,0,336,0.998747,0.825517,35,28.836
nguyen1,0,337,0.998756,0.833826,35,30.597
nguyen1,0,338,0.998787,0.796005,36,32.852
nguyen1,0,339,0.998787,0.828104,36,34.694
nguyen1,0,340,0.998787,0.842446,37,35.555
nguyen1,0,341,0.998832,0.851504,35,35.934
nguyen1,0,342,0.998841,0.839907,36,36.17
nguyen1,0,343,0.998841,0.822575,36,36.239
nguyen1,0,344,0.998841,0.824147,36,36.334
nguyen1,0,345,0.998881,0.833142,36,36.34
nguyen1,0,346,0.998912,0.839163,37,36.471
nguyen1,0,347,0.998988,0.836787,36,36.537
nguyen1,0,348,0.998988,0.834289,36,36.628
nguyen1,0,349,0.998988,0.846592,37,36.718
nguyen1,0,350,0.998988,0.833941,37,36.813
nguyen1,0,351,0.999036,0.846188,37,36.767
nguyen1,0,352,0.999036,0.826687,37,36.903
nguyen1,0,353,0.999036,0.821062,37,36.936
nguyen1,0,354,0.999036,0.846429,36,36.884
nguyen1,0,355,0.999037,0.829159,35,37.002
nguyen1,0,356,0.999037,0.811271,35,37.091
nguyen1,0,357,0.999037,0.828721,35,37.081
nguyen1,0,358,0.999037,0.858841,35,37.142
nguyen1,0,359,0.999153,0.828719,35,37.221
nguyen1,0,360,0.999153,0.822619,36,37.351
nguyen1,0,361,0.999154,0.826784,36,37.159
nguyen1,0,362,0.999154,0.812372,35,37.192
nguyen1,0,363,0.999154,0.846979,37,37.336
nguyen1,0,364,0.999154,0.850864,37,37.309
nguyen1,0,365,0.999182,0.835474,35,37.349
nguyen1,0,366,0.999182,0.860794,35,37.407
nguyen1,0,367,0.999187,0.836578,36,37.486
nguyen1,0,368,0.999187,0.836555,36,37.477
nguyen1,0,369,0.999187,0.851361,36,37.413
nguyen1,0,370,0.999187,0.836812,36,37.472
nguyen1,0,371,0.999187,0.845876,37,37.368
nguyen1,0,372,0.999377,0.846448,38,37.565
nguyen1,0,373,0.999377,0.849142,38,37.437
nguyen1,0,374,0.999377,0.859263,37,37.458
nguyen1,0,375,0.999377,0.843233,38,37.366
nguyen1,0,376,0.999377,0.838812,38,37.469
nguyen1,0,377,0.999377,0.836064,37,37.437
nguyen1,0,378,0.999377,0.823386,40,37.521
nguyen1,0,379,0.999377,0.810613,36,37.788
nguyen1,0,380,0.999395,0.848769,37,38.071
nguyen1,0,381,0.999395,0.815654,37,38.169
nguyen1,0,382,0.999395,0.834832,37,38.108
nguyen1,0,383,0.999395,0.831367,37,38.281
nguyen1,0,384,0.999395,0.822118,37,38.262
nguyen1,0,385,0.999395,0.838963,37,38.246
nguyen1,0,386,0.999395,0.819213,36,38.181
nguyen1,0,387,0.999395,0.822961,37,38.303
nguyen1,0,388,0.999395,0.843339,37,38.357
nguyen1,0,389,0.999395,0.868191,45,38.415
nguyen1,0,390,0.999395,0.862222,38,38.487
nguyen1,0,391,0.999395,0.850577,35,38.609
nguyen1,0,392,0.999395,0.838373,37,38.824
nguyen1,0,393,0.999395,0.841964,36,38.794
nguyen1,0,394,0.999395,0.840574,40,38.9
nguyen1,0,395,0.999395,0.828089,39,38.942
nguyen1,0,396,0.999395,0.858687,35,38.948
nguyen1,0,397,0.999395,0.838095,38,39.032
nguyen1,0,398,0.999395,0.829473,36,39.192
nguyen1,0,399,0.999395,0.834852,38,39.093
nguyen1,0,400,0.999395,0.827657,36,39.047
nguyen1,0,401,0.999395,0.830874,37,39.188
nguyen1,0,402,0.999395,0.839303,39,39.264
nguyen1,0,403,0.999395,0.839431,38,39.511
nguyen1,0,404,0.999395,0.825602,36,39.176
nguyen1,0,405,0.999395,0.85017,36,39.114
nguyen1,0,406,0.999395,0.8394,38,39.101
nguyen1,0,407,0.999395,0.838529,37,39.056
nguyen1,0,408,0.999395,0.858574,38,39.04
nguyen1,0,409,0.999395,0.835644,38,38.951
nguyen1,0,410,0.999395,0.859601,37,38.899
nguyen1,0,411,0.999395,0.844417,48,38.978
nguyen1,0,412,0.999395,0.832536,35,38.904
nguyen1,0,413,0.999395,0.835916,41,38.74
nguyen1,0,414,0.999395,0.821032,37,38.783
nguyen1,0,415,0.999395,0.832789,37,38.62
nguyen1,0,416,0.999395,0.819657,38,38.616
nguyen1,0,417,0.999395,0.84659,40,38.707
nguyen1,0,418,0.999395,0.840463,36,38.65
nguyen1,0,419,0.999395,0.84401,39,38.541
nguyen1,0,420,0.999395,0.80449,39,38.543
nguyen1,0,421,0.999395,0.852747,39,38.478
nguyen1,0,422,0.999395,0.822475,36,38.636
nguyen1,0,423,0.999395,0.842077,38,38.793
nguyen1,0,424,0.999395,0.826831,37,38.912
nguyen1,0,425,0.999395,0.83043,36,38.728
nguyen1,0,426,0.999395,0.824375,36,38.871
nguyen1,0,427,0.999395,0.848756,37,38.791
nguyen1,0,428,0.999395,0.822729,37,38.888
nguyen1,0,429,0.999395,0.838415,37,38.782
nguyen1,0,430,0.999395,0.832984,38,38.742
nguyen1,0,431,0.999395,0.839363,40,38.719
nguyen1,0,432,0.999395,0.824509,38,38.6
nguyen1,0,433,0.999395,0.816162,39,38.592
nguyen1,0,434,0.999395,0.819744,37,38.592
nguyen1,0,435,0.999395,0.816878,38,38.451
nguyen1,0,436,0.999395,0.84682,39,38.529
nguyen1,0,437,0.999395,0.849713,39,38.422
nguyen1,0,438,0.999395,0.831716,37,38.354
nguyen1,0,439,0.999395,0.825296,36,38.585
nguyen1,0,440,0.999395,0.83302,38,38.69
nguyen1,0,441,0.999395,0.844458,39,38.706
nguyen1,0,442,0.999395,0.852514,36,38.765
nguyen1,0,443,0.999395,0.82704,36,38.784
nguyen1,0,444,0.999395,0.840377,43,39.014
nguyen1,0,445,0.999395,0.850904,38,38.999
nguyen1,0,446,0.999395,0.834824,38,38.913
nguyen1,0,447,0.999395,0.834116,38,38.918
nguyen1,0,448,0.999395,0.837392,37,38.961
nguyen1,0,449,0.999395,0.814475,42,38.989
nguyen1,0,450,0.999395,0.837077,39,38.873
nguyen1,0,451,0.999395,0.830817,37,38.658
nguyen1,0,452,0.999442,0.836456,39,38.686
nguyen1,0,453,0.999442,0.844295,39,38.844
nguyen1,0,454,0.999442,0.85464,39,38.803
nguyen1,0,455,0.999442,0.848318,39,38.898
nguyen1,0,456,0.999442,0.840121,40,39.006
nguyen1,0,457,0.999442,0.858092,40,39.144
nguyen1,0,458,0.999442,0.840558,39,39.194
nguyen1,0,459,0.999442,0.850556,40,39.458
nguyen1,0,460,0.999442,0.833014,40,39.572
nguyen1,0,461,0.999442,0.833087,41,39.566
nguyen1,0,462,0.999442,0.847613,43,39.718
nguyen1,0,463,0.999442,0.844138,40,39.732
nguyen1,0,464,0.999442,0.843948,37,39.694
nguyen1,0,465,0.999442,0.841931,36,39.646
nguyen1,0,466,0.999473,0.851472,41,39.659
nguyen1,0,467,0.999473,0.860448,41,39.767
nguyen1,0,468,0.999473,0.866136,41,39.808
nguyen1,0,469,0.999473,0.844533,41,39.992
nguyen1,0,470,0.999475,0.858898,40,40.048
nguyen1,0,471,0.999475,0.848027,40,40.132
nguyen1,0,472,0.999475,0.844705,40,40.484
nguyen1,0,473,0.999475,0.857057,39,40.908
nguyen1,0,474,0.999479,0.859241,39,41.032
nguyen1,0,475,0.999479,0.851576,39,40.841
nguyen1,0,476,0.999479,0.82012,39,40.795
nguyen1,0,477,0.999479,0.851311,40,40.555
nguyen1,0,478,0.999479,0.844825,41,40.694
nguyen1,0,479,0.999504,0.841072,46,40.616
nguyen1,0,480,0.999504,0.824277,42,40.54
nguyen1,0,481,0.999504,0.840776,41,40.291
nguyen1,0,482,0.999576,0.8523,38,40.523
nguyen1,0,483,0.999576,0.858726,38,40.917
nguyen1,0,484,0.999576,0.858735,38,41.559
nguyen1,0,485,0.999576,0.862697,38,41.903
nguyen1,0,486,0.999576,0.85994,38,42.109
nguyen1,0,487,0.999586,0.837765,43,42.195
nguyen1,0,488,0.999586,0.842413,43,41.831
nguyen1,0,489,0.999586,0.854027,43,41.663
nguyen1,0,490,0.999586,0.843014,43,41.576
nguyen1,0,491,0.999586,0.837192,46,41.722
nguyen1,0,492,0.999603,0.829102,43,41.938
nguyen1,0,493,0.999603,0.874433,43,42.266
nguyen1,0,494,0.999603,0.826428,43,42.379
nguyen1,0,495,0.999603,0.845161,44,42.503
nguyen1,0,496,0.999603,0.863795,43,42.534
nguyen1,0,497,0.999603,0.868573,42,42.55
nguyen1,0,498,0.999603,0.860387,47,42.619
nguyen1,0,499,0.999603,0.854782,37,42.564
nguyen1,0,500,0.999619,0.86293,43,42.364
nguyen1,0,501,0.999619,0.864806,43,42.315
nguyen1,0,502,0.999629,0.865479,40,42.566
nguyen1,0,503,0.999629,0.859584,40,42.815
nguyen1,0,504,0.999629,0.868737,42,42.854
nguyen1,0,505,0.999638,0.864651,43,42.875
nguyen1,0,506,0.999638,0.864051,43,42.732
nguyen1,0,507,0.999638,0.861587,43,42.541
nguyen1,0,508,0.999638,0.851867,44,42.457
nguyen1,0,509,0.999702,0.867706,47,42.461
nguyen1,0,510,0.999702,0.868634,47,42.306
nguyen1,0,511,0.999702,0.875115,40,42.266
nguyen1,0,512,0.999702,0.855533,43,42.281
nguyen1,0,513,0.999702,0.866577,47,42.494
nguyen1,0,514,0.999702,0.855372,45,42.72
nguyen1,0,515,0.999707,0.867135,46,42.833
nguyen1,0,516,0.999707,0.849179,46,43.167
nguyen1,0,517,0.999707,0.845518,43,43.383
nguyen1,0,518,0.999707,0.856439,43,43.646
nguyen1,0,519,0.999716,0.8575,45,43.651
nguyen1,0,520,0.999719,0.860305,43,43.961
nguyen1,0,521,0.999719,0.859729,43,44.271
nguyen1,0,522,0.999719,0.863731,43,44.47
nguyen1,0,523,0.999719,0.862021,43,44.569
nguyen1,0,524,0.999719,0.862401,43,44.612
nguyen1,0,525,0.999723,0.859139,41,44.641
nguyen1,0,526,0.999723,0.877721,41,44.651
nguyen1,0,527,0.999723,0.864618,44,44.293
nguyen1,0,528,0.999723,0.856445,43,43.895
nguyen1,0,529,0.999723,0.862169,42,43.702
nguyen1,0,530,0.999723,0.861208,46,43.51
nguyen1,0,531,0.999723,0.872532,46,43.75
nguyen1,0,532,0.999723,0.867933,46,43.827
nguyen1,0,533,0.999723,0.86264,47,44.01
nguyen1,0,534,0.999723,0.869301,47,43.921
nguyen1,0,535,0.999723,0.857472,47,44.033
nguyen1,0,536,0.999723,0.864234,46,44.437
nguyen1,0,537,0.999723,0.850555,46,44.996
nguyen1,0,538,0.999723,0.861042,47,45.624
nguyen1,0,539,0.999723,0.828346,46,46.278
nguyen1,0,540,0.999723,0.85296,48,46.673
nguyen1,0,541,0.999723,0.828824,48,46.969
nguyen1,0,542,0.999723,0.855505,46,47.048
nguyen1,0,543,0.999739,0.860309,47,47.052
nguyen1,0,544,0.999739,0.85025,47,47.136
nguyen1,0,545,0.999739,0.844159,47,47.098
nguyen1,0,546,0.999842,0.853049,47,47.105
nguyen1,0,547,0.999842,0.834533,47,47.143
nguyen1,0,548,0.999842,0.84997,47,47.185
nguyen1,0,549,0.999842,0.845697,47,47.19
nguyen1,0,550,0.99985,0.88204,47,47.262
nguyen1,0,551,0.999852,0.832008,48,47.332
nguyen1,0,552,0.999852,0.859887,48,47.485
nguyen1,0,553,0.999853,0.855357,47,47.6
nguyen1,0,554,0.999853,0.862179,47,47.604
nguyen1,0,555,0.999875,0.861861,47,47.608
nguyen1,0,556,0.999875,0.840829,47,47.708
nguyen1,0,557,0.999875,0.859277,47,47.737
nguyen1,0,558,0.999894,0.853674,47,47.85
nguyen1,0,559,0.999911,0.854867,48,47.921
nguyen1,0,560,0.999911,0.866048,48,47.992
nguyen1,0,561,0.999913,0.842781,48,47.967
nguyen1,0,562,0.999913,0.870174,48,47.977
nguyen1,0,563,0.999913,0.853802,48,47.903
nguyen1,0,564,0.999927,0.84361,48,47.933
nguyen1,0,565,0.999927,0.855374,48,47.922
nguyen1,0,566,0.999927,0.858314,48,47.976
nguyen1,0,567,0.999927,0.828082,47,47.963
nguyen1,0,568,0.999927,0.841222,47,47.889
nguyen1,0,569,0.999929,0.848206,49,47.806
nguyen1,0,570,0.999929,0.866227,49,47.852
nguyen1,0,571,0.999929,0.861384,49,47.88
nguyen1,0,572,0.999929,0.84596,49,47.915
nguyen1,0,573,0.999929,0.831525,49,47.891
nguyen1,0,574,0.999929,0.839134,47,47.963
nguyen1,0,575,0.999929,0.854768,49,47.995
nguyen1,0,576,0.999929,0.8654,49,47.992
nguyen1,0,577,0.999929,0.850688,49,47.953
nguyen1,0,578,0.999929,0.85325,49,47.962
nguyen1,0,579,0.999929,0.839301,48,47.971
nguyen1,0,580,0.999934,0.858053,49,48.037
nguyen1,0,581,0.999934,0.85791,49,48.063
nguyen1,0,582,0.999934,0.854617,49,48.134
nguyen1,0,583,0.999935,0.863863,49,48.093
nguyen1,0,584,0.999935,0.860685,49,48.137
nguyen1,0,585,0.999935,0.861382,49,48.147
nguyen1,0,586,0.999935,0.872747,48,48.213
nguyen1,0,587,0.999935,0.841696,48,48.329
nguyen1,0,588,0.999935,0.856552,49,48.408
nguyen1,0,589,0.999935,0.843705,46,48.39
nguyen1,0,590,0.999935,0.848873,49,48.339
nguyen1,0,591,0.999935,0.85462,49,48.261
nguyen1,0,592,0.999935,0.828094,49,48.271
nguyen1,0,593,0.999935,0.874611,49,48.351
nguyen1,0,594,0.999935,0.861596,49,48.312
nguyen1,0,595,0.999935,0.862402,48,48.372
nguyen1,0,596,0.999935,0.852339,48,48.356
nguyen1,0,597,0.999935,0.873699,47,48.379
nguyen1,0,598,0.999935,0.862562,47,48.359
nguyen1,0,599,0.999935,0.864251,48,48.315
nguyen1,0,600,0.999935,0.852136,49,48.329
nguyen1,0,601,0.999935,0.872397,48,48.256
nguyen1,0,602,0.999935,0.873621,49,48.274
nguyen1,0,603,0.999935,0.859127,48,48.284
nguyen1,0,604,0.999935,0.857207,48,48.227
nguyen1,0,605,0.999935,0.839406,49,48.212
nguyen1,0,606,0.999935,0.855938,50,48.261
nguyen1,0,607,0.999935,0.855919,49,48.231
nguyen1,0,608,0.999935,0.867824,48,48.242
nguyen1,0,609,0.999935,0.855286,47,48.312
nguyen1,0,610,0.999935,0.853942,49,48.269
nguyen1,0,611,0.999935,0.857533,49,48.352
nguyen1,0,612,0.999935,0.852921,49,48.35
nguyen1,0,613,0.999935,0.854647,49,48.368
nguyen1,0,614,0.999935,0.848513,47,48.364
nguyen1,0,615,0.999935,0.860917,48,48.36
nguyen1,0,616,0.999935,0.860966,48,48.34
nguyen1,0,617,0.999935,0.844256,49,48.405
nguyen1,0,618,0.999935,0.852128,48,48.387
nguyen1,0,619,0.999935,0.863117,49,48.379
nguyen1,0,620,0.999935,0.846234,46,48.375
nguyen1,0,621,0.999935,0.855751,50,48.265
nguyen1,0,622,0.999935,0.86724,49,48.286
nguyen1,0,623,0.999935,0.860756,47,48.289
nguyen1,0,624,0.999935,0.856454,50,48.275
nguyen1,0,625,0.999935,0.849518,49,48.253
nguyen1,0,626,0.999935,0.840647,50,48.206
nguyen1,0,627,0.999935,0.873874,49,48.21
nguyen1,0,628,0.999935,0.872763,49,48.215
nguyen1,0,629,0.999935,0.849619,49,48.223
nguyen1,0,630,0.999935,0.862238,49,48.176
nguyen1,0,631,0.999935,0.85749,47,48.2
nguyen1,0,632,0.999935,0.854763,48,48.203
nguyen1,0,633,0.999935,0.863111,50,48.264
nguyen1,0,634,0.999935,0.841473,46,48.271
nguyen1,0,635,0.999935,0.85684,50,48.301
nguyen1,0,636,0.999935,0.855798,48,48.283
nguyen1,0,637,0.999935,0.871286,46,48.311
nguyen1,0,638,0.999935,0.847711,49,48.287
nguyen1,0,639,0.999935,0.849319,46,48.374
nguyen1,0,640,0.999935,0.832187,50,48.354
nguyen1,0,641,0.999935,0.859734,49,48.387
nguyen1,0,642,0.999935,0.869615,48,48.417
nguyen1,0,643,0.999935,0.843104,49,48.354
nguyen1,0,644,0.999935,0.844821,49,48.32
nguyen1,0,645,0.999935,0.861147,49,48.35
nguyen1,0,646,0.999935,0.864218,49,48.345
nguyen1,0,647,0.999935,0.852963,47,48.352
nguyen1,0,648,0.999935,0.863598,48,48.384
nguyen1,0,649,0.999935,0.843548,48,48.325
nguyen1,0,650,0.999935,0.861231,50,48.313
nguyen1,0,651,0.999935,0.871427,49,48.38
nguyen1,0,652,0.999935,0.856314,50,48.287
nguyen1,0,653,0.999935,0.842364,48,48.345
nguyen1,0,654,0.999935,0.864191,49,48.342
nguyen1,0,655,0.999935,0.825058,47,48.351
nguyen1,0,656,0.999935,0.838582,49,48.346
nguyen1,0,657,0.999935,0.851264,49,48.364
nguyen1,0,658,0.999935,0.869503,48,48.304
nguyen1,0,659,0.999935,0.86885,48,48.326
nguyen1,0,660,0.999935,0.852074,49,48.348
nguyen1,0,661,0.999935,0.860364,48,48.3
nguyen1,0,662,0.999935,0.859318,49,48.225
nguyen1,0,663,0.999935,0.848372,49,48.247
nguyen1,0,664,0.999935,0.861248,49,48.224
nguyen1,0,665,0.999935,0.849298,48,48.304
nguyen1,0,666,0.999935,0.857035,48,48.266
nguyen1,0,667,0.999935,0.848445,49,48.317
nguyen1,0,668,0.999935,0.862643,46,48.41
nguyen1,0,669,0.999935,0.858783,49,48.406
nguyen1,0,670,0.999935,0.857592,48,48.421
nguyen1,0,671,0.999935,0.854953,47,48.452
nguyen1,0,672,0.999935,0.863472,49,48.43
nguyen1,0,673,0.999935,0.861651,49,48.382
nguyen1,0,674,0.999935,0.860085,49,48.411
nguyen1,0,675,0.999935,0.8503,46,48.386
nguyen1,0,676,0.999935,0.851993,49,48.387
nguyen1,0,677,0.999935,0.862911,47,48.371
nguyen1,0,678,0.999935,0.856634,49,48.338
nguyen1,0,679,0.999935,0.861394,47,48.3
nguyen1,0,680,0.999935,0.858191,49,48.297
nguyen1,0,681,0.999935,0.823756,47,48.373
nguyen1,0,682,0.999935,0.865408,49,48.331
nguyen1,0,683,0.999935,0.871142,48,48.361
nguyen1,0,684,0.999935,0.849196,49,48.332
nguyen1,0,685,0.999935,0.860313,48,48.355
nguyen1,0,686,0.999935,0.868842,48,48.295
nguyen1,0,687,0.999935,0.861145,47,48.348
nguyen1,0,688,0.999935,0.858366,49,48.342
nguyen1,0,689,0.999935,0.874683,46,48.368
nguyen1,0,690,0.999935,0.85954,49,48.389
nguyen1,0,691,0.999935,0.849525,49,48.383
nguyen1,0,692,0.999935,0.834928,49,48.332
nguyen1,0,693,0.999935,0.849159,49,48.273
nguyen1,0,694,0.999935,0.850117,49,48.262
nguyen1,0,695,0.999935,0.867712,48,48.291
nguyen1,0,696,0.999935,0.837387,48,48.354
nguyen1,0,697,0.999935,0.86728,47,48.368
nguyen1,0,698,0.999935,0.846028,47,48.375
nguyen1,0,699,0.999935,0.854816,48,48.425
nguyen1,0,700,0.999935,0.864819,49,48.333
nguyen1,0,701,0.999935,0.876252,48,48.293
nguyen1,0,702,0.999935,0.876848,49,48.278
nguyen1,0,703,0.999935,0.865909,48,48.244
nguyen1,0,704,0.999935,0.864869,48,48.326
nguyen1,0,705,0.999935,0.854758,49,48.391
nguyen1,0,706,0.999935,0.851021,50,48.391
nguyen1,0,707,0.999935,0.864265,49,48.301
nguyen1,0,708,0.999935,0.870754,48,48.308
nguyen1,0,709,0.999935,0.857949,47,48.293
nguyen1,0,710,0.999935,0.856604,49,48.275
nguyen1,0,711,0.999935,0.866354,49,48.311
nguyen1,0,712,0.999935,0.853266,49,48.321
nguyen1,0,713,0.999935,0.873192,49,48.285
nguyen1,0,714,0.999935,0.862856,47,48.392
nguyen1,0,715,0.999935,0.843005,48,48.338
nguyen1,0,716,0.999935,0.855911,48,48.378
nguyen1,0,717,0.999935,0.844767,49,48.369
nguyen1,0,718,0.999935,0.847676,48,48.4
nguyen1,0,719,0.999935,0.854067,49,48.355
nguyen1,0,720,0.999935,0.855121,46,48.304
nguyen1,0,721,0.999935,0.843915,50,48.287
nguyen1,0,722,0.999935,0.871644,49,48.303
nguyen1,0,723,0.999935,0.879366,47,48.263
nguyen1,0,724,0.999935,0.855869,50,48.263
nguyen1,0,725,0.999935,0.857303,49,48.252
nguyen1,0,726,0.999935,0.857768,50,48.226
nguyen1,0,727,0.999935,0.843389,49,48.211
nguyen1,0,728,0.999935,0.861708,49,48.206
nguyen1,0,729,0.999935,0.871709,49,48.301
nguyen1,0,730,0.999935,0.818121,49,48.383
nguyen1,0,731,0.999935,0.831801,47,48.33
nguyen1,0,732,0.999935,0.86181,48,48.242
nguyen1,0,733,0.999935,0.848069,50,48.262
nguyen1,0,734,0.999935,0.846355,46,48.257
nguyen1,0,735,0.999935,0.861036,50,48.337
nguyen1,0,736,0.999935,0.832908,48,48.326
nguyen1,0,737,0.999935,0.847831,46,48.359
nguyen1,0,738,0.999935,0.85353,49,48.303
nguyen1,0,739,0.999935,0.848794,46,48.287
nguyen1,0,740,0.999935,0.852581,50,48.244
nguyen1,0,741,0.999935,0.869556,49,48.284
nguyen1,0,742,0.999935,0.844992,48,48.261
nguyen1,0,743,0.999935,0.870679,49,48.217
nguyen1,0,744,0.999935,0.846292,49,48.246
nguyen1,0,745,0.999935,0.867447,49,48.323
nguyen1,0,746,0.999935,0.86047,49,48.364
nguyen1,0,747,0.999935,0.853905,47,48.3
nguyen1,0,748,0.999935,0.874144,48,48.249
nguyen1,0,749,0.999935,0.852141,48,48.253
nguyen1,0,750,0.999935,0.861661,50,48.295
nguyen1,0,751,0.999935,0.847798,49,48.317
nguyen1,0,752,0.999935,0.849037,50,48.387
nguyen1,0,753,0.999935,0.859603,48,48.388
nguyen1,0,754,0.999935,0.848257,49,48.388
nguyen1,0,755,0.999935,0.866569,47,48.331
nguyen1,0,756,0.999935,0.852502,49,48.299
nguyen1,0,757,0.999935,0.844976,49,48.316
nguyen1,0,758,0.999935,0.84634,48,48.309
nguyen1,0,759,0.999935,0.852402,48,48.254
nguyen1,0,760,0.999935,0.842395,49,48.228
nguyen1,0,761,0.999935,0.878692,48,48.248
nguyen1,0,762,0.999935,0.844787,49,48.264
nguyen1,0,763,0.999935,0.868279,49,48.233
nguyen1,0,764,0.999935,0.868253,49,48.283
nguyen1,0,765,0.999935,0.852315,48,48.256
nguyen1,0,766,0.999935,0.856279,48,48.274
nguyen1,0,767,0.999935,0.844552,49,48.313
nguyen1,0,768,0.999935,0.856423,46,48.363
nguyen1,0,769,0.999935,0.87211,49,48.303
nguyen1,0,770,0.999935,0.839516,48,48.261
nguyen1,0,771,0.999935,0.875046,47,48.29
nguyen1,0,772,0.999935,0.856519,49,48.339
nguyen1,0,773,0.999935,0.837964,49,48.34
nguyen1,0,774,0.999935,0.855023,49,48.34
nguyen1,0,775,0.999935,0.857279,46,48.338
nguyen1,0,776,0.999935,0.861649,49,48.317
nguyen1,0,777,0.999935,0.873828,47,48.302
nguyen1,0,778,0.999935,0.848904,49,48.27
nguyen1,0,779,0.999935,0.857997,47,48.263
nguyen1,0,780,0.999935,0.833831,49,48.258
nguyen1,0,781,0.999935,0.849136,47,48.314
nguyen1,0,782,0.999935,0.889036,49,48.305
nguyen1,0,783,0.999935,0.856324,48,48.293
nguyen1,0,784,0.999935,0.854411,49,48.312
nguyen1,0,785,0.999935,0.858258,48,48.311
nguyen1,0,786,0.999935,0.850344,48,48.343
nguyen1,0,787,0.999935,0.867483,47,48.363
nguyen1,0,788,0.999935,0.833016,49,48.364
nguyen1,0,789,0.999935,0.859912,46,48.296
nguyen1,0,790,0.999935,0.850128,49,48.222
nguyen1,0,791,0.999935,0.86543,49,48.284
nguyen1,0,792,0.999935,0.840097,49,48.322
nguyen1,0,793,0.999935,0.835711,49,48.366
nguyen1,0,794,0.999935,0.865959,49,48.341
nguyen1,0,795,0.999935,0.843941,48,48.401
nguyen1,0,796,0.999935,0.8598,48,48.35
nguyen1,0,797,0.999935,0.859349,47,48.349
nguyen1,0,798,0.999935,0.845456,47,48.378
nguyen1,0,799,0.999935,0.854727,48,48.317
nguyen1,0,800,0.999935,0.843118,49,48.331
nguyen1,0,801,0.999935,0.87418,48,48.325
nguyen1,0,802,0.999935,0.848847,49,48.297
nguyen1,0,803,0.999935,0.876719,48,48.326
nguyen1,0,804,0.999935,0.855175,48,48.294
nguyen1,0,805,0.999935,0.848775,49,48.303
nguyen1,0,806,0.999935,0.850859,50,48.26
nguyen1,0,807,0.999935,0.86709,49,48.239
nguyen1,0,808,0.999935,0.849146,48,48.253
nguyen1,0,809,0.999935,0.852093,47,48.301
nguyen1,0,810,0.999935,0.857929,49,48.266
nguyen1,0,811,0.999935,0.867647,49,48.306
nguyen1,0,812,0.999935,0.831719,49,48.222
nguyen1,0,813,0.999935,0.854248,49,48.225
nguyen1,0,814,0.999935,0.850394,47,48.213
nguyen1,0,815,0.999935,0.84656,48,48.263
nguyen1,0,816,0.999935,0.860297,48,48.292
nguyen1,0,817,0.999935,0.85462,49,48.296
nguyen1,0,818,0.999935,0.844292,48,48.253
nguyen1,0,819,0.999935,0.828471,49,48.356
nguyen1,0,820,0.999935,0.840226,49,48.292
nguyen1,0,821,0.999935,0.838343,49,48.285
nguyen1,0,822,0.999935,0.877014,49,48.288
nguyen1,0,823,0.999935,0.863736,49,48.338
nguyen1,0,824,0.999935,0.861302,49,48.375
nguyen1,0,825,0.999935,0.85896,49,48.358
nguyen1,0,826,0.999935,0.8617,49,48.434
nguyen1,0,827,0.999935,0.842842,49,48.523
nguyen1,0,828,0.999935,0.831178,48,48.685
nguyen1,0,829,0.999935,0.850359,50,48.695
nguyen1,0,830,0.999935,0.834491,49,48.662
nguyen1,0,831,0.999935,0.839167,49,48.663
nguyen1,0,832,0.999935,0.829447,50,48.709
nguyen1,0,833,0.999935,0.848239,49,48.633
nguyen1,0,834,0.999935,0.835906,49,48.631
nguyen1,0,835,0.999935,0.819005,50,48.656
nguyen1,0,836,0.999935,0.862776,49,48.678
nguyen1,0,837,0.999935,0.855005,48,48.65
nguyen1,0,838,0.999935,0.841655,48,48.63
nguyen1,0,839,0.999935,0.836337,49,48.621
nguyen1,0,840,0.999935,0.852162,48,48.623
nguyen1,0,841,0.999935,0.854699,49,48.655
nguyen1,0,842,0.999935,0.827556,50,48.645
nguyen1,0,843,0.999935,0.842572,49,48.661
nguyen1,0,844,0.999935,0.847429,49,48.644
nguyen1,0,845,0.999935,0.830137,49,48.66
nguyen1,0,846,0.999935,0.856632,49,48.669
nguyen1,0,847,0.999935,0.841932,49,48.628
nguyen1,0,848,0.999935,0.833515,48,48.609
nguyen1,0,849,0.999935,0.859218,49,48.602
nguyen1,0,850,0.999935,0.846645,48,48.648
nguyen1,0,851,0.999935,0.844043,49,48.611
nguyen1,0,852,0.999935,0.821157,49,48.681
nguyen1,0,853,0.999935,0.836325,50,48.675
nguyen1,0,854,0.999935,0.826198,49,48.671
nguyen1,0,855,0.999935,0.857577,50,48.688
nguyen1,0,856,0.999935,0.83017,49,48.708
nguyen1,0,857,0.999935,0.859301,49,48.672
nguyen1,0,858,0.999935,0.821456,49,48.657
nguyen1,0,859,0.999935,0.857044,49,48.623
nguyen1,0,860,0.999935,0.833588,49,48.612
nguyen1,0,861,0.999935,0.847804,49,48.649
nguyen1,0,862,0.999935,0.846536,49,48.626
nguyen1,0,863,0.999935,0.829105,49,48.612
nguyen1,0,864,0.999935,0.851729,48,48.565
nguyen1,0,865,0.999935,0.845764,49,48.573
nguyen1,0,866,0.999935,0.840814,49,48.562
nguyen1,0,867,0.999935,0.843152,49,48.624
nguyen1,0,868,0.999935,0.836233,47,48.656
nguyen1,0,869,0.999935,0.850269,48,48.592
nguyen1,0,870,0.999935,0.847808,50,48.616
nguyen1,0,871,0.999935,0.83168,49,48.601
nguyen1,0,872,0.999935,0.83324,49,48.599
nguyen1,0,873,0.999935,0.832768,49,48.611
nguyen1,0,874,0.999935,0.861123,49,48.643
nguyen1,0,875,0.999935,0.85004,49,48.643
nguyen1,0,876,0.999935,0.841899,49,48.628
nguyen1,0,877,0.999935,0.842015,48,48.631
nguyen1,0,878,0.999935,0.838886,48,48.574
nguyen1,0,879,0.999935,0.83363,49,48.558
nguyen1,0,880,0.999935,0.816131,49,48.556
nguyen1,0,881,0.999935,0.84647,48,48.563
nguyen1,0,882,0.999935,0.854491,48,48.589
nguyen1,0,883,0.999935,0.837594,49,48.518
nguyen1,0,884,0.999935,0.840441,49,48.607
nguyen1,0,885,0.999935,0.814693,49,48.636
nguyen1,0,886,0.999935,0.830812,48,48.601
nguyen1,0,887,0.999935,0.81554,49,48.605
nguyen1,0,888,0.999935,0.849186,48,48.591
nguyen1,0,889,0.999935,0.847222,49,48.6
nguyen1,0,890,0.999935,0.859557,50,48.564
nguyen1,0,891,0.999935,0.857458,49,48.559
nguyen1,0,892,0.999935,0.832744,49,48.526
nguyen1,0,893,0.999935,0.847471,48,48.596
nguyen1,0,894,0.999935,0.832461,50,48.662
nguyen1,0,895,0.999935,0.848866,48,48.604
nguyen1,0,896,0.999935,0.838963,49,48.597
nguyen1,0,897,0.999935,0.838723,50,48.596
nguyen1,0,898,0.999935,0.829646,49,48.508
nguyen1,0,899,0.999935,0.827172,49,48.583
nguyen1,0,900,0.999935,0.85152,49,48.623
nguyen1,0,901,0.999935,0.841444,48,48.65
nguyen1,0,902,0.999935,0.839204,49,48.657
nguyen1,0,903,0.999935,0.828311,48,48.662
nguyen1,0,904,0.999935,0.831375,49,48.671
nguyen1,0,905,0.999935,0.843179,49,48.671
nguyen1,0,906,0.999935,0.836315,49,48.651
nguyen1,0,907,0.999935,0.830839,48,48.648
nguyen1,0,908,0.999935,0.846244,48,48.641
nguyen1,0,909,0.999935,0.838446,47,48.646
nguyen1,0,910,0.999935,0.839883,49,48.662
nguyen1,0,911,0.999935,0.841392,49,48.652
nguyen1,0,912,0.999935,0.828479,50,48.645
nguyen1,0,913,0.999935,0.83918,50,48.65
nguyen1,0,914,0.999935,0.829044,49,48.634
nguyen1,0,915,0.999935,0.843103,49,48.616
nguyen1,0,916,0.999935,0.852811,50,48.609
nguyen1,0,917,0.999935,0.852076,49,48.6
nguyen1,0,918,0.999935,0.839735,49,48.586
nguyen1,0,919,0.999935,0.838679,48,48.608
nguyen1,0,920,0.999935,0.850021,49,48.615
nguyen1,0,921,0.999935,0.836612,49,48.608
nguyen1,0,922,0.999935,0.836308,47,48.555
nguyen1,0,923,0.999935,0.857918,50,48.644
nguyen1,0,924,0.999935,0.82604,48,48.677
nguyen1,0,925,0.999935,0.843842,49,48.72
nguyen1,0,926,0.999935,0.853085,49,48.688
nguyen1,0,927,0.999935,0.859836,49,48.64
nguyen1,0,928,0.999935,0.846621,48,48.581
nguyen1,0,929,0.999935,0.822951,50,48.591
nguyen1,0,930,0.999935,0.836702,49,48.63
nguyen1,0,931,0.999935,0.842711,49,48.601
nguyen1,0,932,0.999935,0.828628,50,48.556
nguyen1,0,933,0.999935,0.845249,49,48.576
nguyen1,0,934,0.999935,0.85064,49,48.551
nguyen1,0,935,0.999935,0.826963,50,48.514
nguyen1,0,936,0.999935,0.857036,49,48.541
nguyen1,0,937,0.999935,0.833016,48,48.556
nguyen1,0,938,0.999935,0.8491,48,48.64
nguyen1,0,939,0.999935,0.83723,49,48.671
nguyen1,0,940,0.999935,0.834915,48,48.615
nguyen1,0,941,0.999935,0.835941,49,48.615
nguyen1,0,942,0.999935,0.817602,50,48.546
nguyen1,0,943,0.999935,0.831559,49,48.562
nguyen1,0,944,0.999935,0.84832,49,48.491
nguyen1,0,945,0.999935,0.831743,49,48.599
nguyen1,0,946,0.999935,0.828453,49,48.565
nguyen1,0,947,0.999935,0.838256,49,48.596
nguyen1,0,948,0.999935,0.834901,48,48.617
nguyen1,0,949,0.999935,0.866012,49,48.653
nguyen1,0,950,0.999935,0.846189,48,48.655
nguyen1,0,951,0.999935,0.822877,49,48.628
nguyen1,0,952,0.999935,0.83239,49,48.651
nguyen1,0,953,0.999935,0.834329,50,48.637
nguyen1,0,954,0.999935,0.835874,49,48.595
nguyen1,0,955,0.999935,0.837091,50,48.584
nguyen1,0,956,0.999935,0.83534,49,48.489
nguyen1,0,957,0.999935,0.845794,49,48.531
nguyen1,0,958,0.999935,0.840451,49,48.577
nguyen1,0,959,0.999935,0.820001,49,48.602
nguyen1,0,960,0.999935,0.83934,49,48.586
nguyen1,0,961,0.999935,0.832262,49,48.557
nguyen1,0,962,0.999935,0.848422,49,48.569
nguyen1,0,963,0.999935,0.845507,49,48.553
nguyen1,0,964,0.999935,0.842408,48,48.622
nguyen1,0,965,0.999935,0.836586,49,48.634
nguyen1,0,966,0.999935,0.854561,49,48.658
nguyen1,0,967,0.999935,0.844762,49,48.657
nguyen1,0,968,0.999935,0.838716,47,48.642
nguyen1,0,969,0.999935,0.84052,48,48.651
nguyen1,0,970,0.999935,0.833912,50,48.636
nguyen1,0,971,0.999935,0.831921,49,48.657
nguyen1,0,972,0.999935,0.851507,49,48.685
nguyen1,0,973,0.999935,0.843666,49,48.664
nguyen1,0,974,0.999935,0.849379,49,48.647
nguyen1,0,975,0.999935,0.833143,49,48.582
nguyen1,0,976,0.999935,0.838115,49,48.587
nguyen1,0,977,0.999935,0.841471,48,48.622
nguyen1,0,978,0.999935,0.844512,48,48.62
nguyen1,0,979,0.999935,0.831335,49,48.587
nguyen1,0,980,0.999935,0.861625,49,48.576
nguyen1,0,981,0.999935,0.84044,48,48.562
nguyen1,0,982,0.999935,0.828639,48,48.571
nguyen1,0,983,0.999935,0.834638,49,48.614
nguyen1,0,984,0.999935,0.830867,49,48.648
nguyen1,0,985,0.999935,0.860096,49,48.586
nguyen1,0,986,0.999935,0.827747,48,48.612
nguyen1,0,987,0.999935,0.829566,49,48.686
nguyen1,0,988,0.999935,0.841531,48,48.603
nguyen1,0,989,0.999935,0.825298,49,48.625
nguyen1,0,990,0.999935,0.834558,50,48.604
nguyen1,0,991,0.999935,0.844317,49,48.578
nguyen1,0,992,0.999935,0.839059,49,48.625
nguyen1,0,993,0.999935,0.83526,48,48.641
nguyen1,0,994,0.999935,0.838123,50,48.637
nguyen1,0,995,0.999935,0.864493,48,48.641
nguyen1,0,996,0.999935,0.838096,49,48.64
nguyen1,0,997,0.999935,0.840517,50,48.684
nguyen1,0,998,0.999935,0.837325,49,48.646
nguyen1,0,999,0.999935,0.837365,49,48.643
